19.3620299,-99.213436,ROBO DE VEHICULO DE SERVICIO PARTICULAR SIN VIOLENCIA,01/10/2021,11:00:00 a. m.,"CAJON #410, PROLONGACION 5 DE MAYO"
19.3583399,-99.238943,HOMICIDIO POR ARMA DE FUEGO,01/10/2021,07:25:00 p. m.,AVENIDA DEL ROSAL
19.3569587,-99.240795,ROBO DE MOTOCICLETA CON VIOLENCIA,02/10/2021,03:00:00 a. m.,JOSE SANTOS CHOCANO
19.3595577,-99.253161,ROBO DE VEHICULO DE SERVICIO PARTICULAR SIN VIOLENCIA,01/10/2021,05:00:00 p. m.,CALLE GUADALUPE VICTORIA FRENTE AL INMUEBLE MZ 4 LOTE 1
19.357589,-99.230641,ROBO A TRANSEUNTE EN VIA PUBLICA CON VIOLENCIA,02/10/2021,11:40:00 p. m.,PRINCIPAL
19.3278878,-99.2663,ROBO DE MOTOCICLETA SIN VIOLENCIA,03/10/2021,03:00:00 a. m.,CALLE JAZMIN
19.3686479,-99.236098,ROBO A TRANSEUNTE EN VIA PUBLICA CON VIOLENCIA,04/10/2021,02:15:00 p. m.,ENCINOS
19.3950097,-99.189884,ROBO A TRANSEUNTE EN VIA PUBLICA CON VIOLENCIA,04/10/2021,06:50:00 p. m.,FERROCARRIL DE CUERNAVACA
19.3791345,-99.211714,ROBO A TRANSEUNTE EN VIA PUBLICA CON VIOLENCIA,04/10/2021,08:25:00 p. m.,GOLONDRINA DEL MAR
19.321855,-99.260252,ROBO A TRANSEUNTE EN VIA PUBLICA CON VIOLENCIA,04/10/2021,09:50:00 p. m.,VICENTE GUERRERO
19.3705355,-99.191891,ROBO DE VEHICULO DE SERVICIO PARTICULAR SIN VIOLENCIA,01/10/2021,02:30:00 p. m.,DR. GONZALEZ HERREJON
19.37933,-99.204911,ROBO A REPARTIDOR CON VIOLENCIA,04/10/2021,12:20:00 p. m.,ADOLFO LOPEZ MATEOS
19.3755612,-99.210623,ROBO DE VEHICULO DE SERVICIO PÚBLICO SIN VIOLENCIA,02/10/2021,07:00:00 p. m.,DESPERTADOR AMERICANO
19.3666409,-99.208118,ROBO DE MOTOCICLETA SIN VIOLENCIA,05/10/2021,10:00:00 a. m.,AVENIDA CENTENARIO
19.3834633,-99.210877,ROBO A TRANSEUNTE EN VIA PUBLICA CON VIOLENCIA,05/10/2021,11:00:00 p. m.,CHICAGO
19.3621013,-99.230185,ROBO DE VEHICULO DE SERVICIO PARTICULAR CON VIOLENCIA,06/10/2021,02:00:00 a. m.,CANUTILLO
19.3896468,-99.191388,ROBO DE VEHICULO DE SERVICIO PARTICULAR CON VIOLENCIA,04/10/2021,03:15:00 p. m.,CALLE 10
19.3446138,-99.202451,ROBO A TRANSEUNTE EN VIA PUBLICA SIN VIOLENCIA,04/10/2021,08:30:00 p. m.,ANILLO PERIFERICO
19.3876385,-99.216959,ROBO A TRANSEUNTE EN VIA PUBLICA CON VIOLENCIA,07/10/2021,11:57:00 a. m.,OJAPÁN
19.3894684,-99.211193,ROBO A TRANSEUNTE EN VIA PUBLICA CON VIOLENCIA,08/10/2021,03:00:00 p. m.,ALEMANES
19.3569134,-99.229883,ROBO A TRANSEUNTE EN VIA PUBLICA CON VIOLENCIA,08/10/2021,04:05:00 p. m.,PRINCIPAL
19.3311417,-99.210267,ROBO DE MOTOCICLETA SIN VIOLENCIA,07/10/2021,07:35:00 p. m.,PERIFÉRICO
19.3363118,-99.203719,ROBO DE VEHICULO DE SERVICIO PARTICULAR SIN VIOLENCIA,08/10/2021,04:00:00 p. m.,JUAREZ
19.3430856,-99.190569,ROBO A TRANSEUNTE SALIENDO DEL BANCO CON VIOLENCIA,05/10/2021,11:00:00 a. m.,REVOLUCION
19.3870408,-99.192943,VIOLACION,09/06/2017,11:59:00 p. m.,TOLTECAS
19.3886742,-99.206065,ROBO A REPARTIDOR CON VIOLENCIA,08/10/2021,01:40:00 p. m.,AV. CAMINO REAL A TOLUCA AL CRUCE CON ALTA TENSION
19.3780902,-99.19875,ROBO A TRANSEUNTE EN VIA PUBLICA CON VIOLENCIA,09/10/2021,11:20:00 a. m.,ROSA BLANCA
19.3465148,-99.201957,ROBO A TRANSEUNTE EN VIA PUBLICA CON VIOLENCIA,09/10/2021,02:27:00 p. m.,BOULEVARD ADOLFO LOPEZ MATEOS
19.3313332,-99.267625,ROBO A TRANSEUNTE A BORDO DE TAXI PÚBLICO Y PRIVADO CON VIOLENCIA,09/10/2021,12:00:00 a. m.,CALLE FRANCICO I. MADERO FRENTE AL NUMERO 24
19.3731061,-99.212194,ROBO A TRANSEUNTE EN VIA PUBLICA CON VIOLENCIA,08/10/2021,11:15:00 p. m.,AVENIDA HIDALGO
19.3885122,-99.213844,ROBO A TRANSEUNTE EN VIA PUBLICA CON VIOLENCIA,09/10/2021,06:40:00 p. m.,CAMINO SANTA FE
19.3753563,-99.222572,ROBO A REPARTIDOR CON VIOLENCIA,10/10/2021,02:15:00 a. m.,PUERTO CASTILLA FRENTE AL NUMERO 5
19.3267027,-99.270895,VIOLACION EQUIPARADA,09/10/2021,07:00:00 a. m.,SIN REGISTRO
19.3866903,-99.207259,HOMICIDIO POR ARMA DE FUEGO,10/10/2021,03:30:00 a. m.,TOSCANOS
19.3665897,-99.237229,ROBO A TRANSEUNTE EN VIA PUBLICA CON VIOLENCIA,07/10/2021,02:25:00 p. m.,SAUCE
19.3875828,-99.215384,ROBO A TRANSEUNTE EN VIA PUBLICA CON VIOLENCIA,11/10/2021,10:30:00 p. m.,CAMINO A SANTA FE
19.3822968,-99.235328,ROBO A NEGOCIO CON VIOLENCIA,12/10/2021,12:30:00 p. m.,CEBADA
19.3893141,-99.211625,ROBO A TRANSEUNTE EN VIA PUBLICA CON VIOLENCIA,12/10/2021,10:20:00 p. m.,AUTRIACOS
19.3919218,-99.238815,ROBO DE VEHICULO DE SERVICIO PARTICULAR CON VIOLENCIA,12/10/2021,02:00:00 a. m.,CONSTITUYENTES
19.3621161,-99.249699,ROBO DE VEHICULO DE SERVICIO PARTICULAR SIN VIOLENCIA,12/10/2021,04:47:00 a. m.,CAMINO A SANTA FE
19.380738,-99.199886,ROBO A TRANSEUNTE EN VIA PUBLICA SIN VIOLENCIA,13/10/2021,06:30:00 p. m.,ALTA TENSION
19.3690721,-99.217376,ROBO DE VEHICULO DE SERVICIO PARTICULAR SIN VIOLENCIA,12/10/2021,11:00:00 p. m.,CALLE 27 ANTES DE LLEGAR A LA CALLE CHARRERIA
19.3414869,-99.24565,VIOLACION,12/10/2021,10:00:00 p. m.,HALCONES
19.3842281,-99.214325,ROBO A TRANSEUNTE EN VIA PUBLICA CON VIOLENCIA,13/10/2021,07:10:00 p. m.,CAPA
19.3290096,-99.285341,ROBO A NEGOCIO CON VIOLENCIA,14/10/2021,04:15:00 p. m.,FRAY BARTOLOME DE LAS CASAS NO. .47
19.3970976,-99.194661,ROBO A TRANSEUNTE EN VIA PUBLICA CON VIOLENCIA,14/10/2021,05:30:00 p. m.,ALCON
19.3415525,-99.231352,ROBO A TRANSEUNTE EN VIA PUBLICA CON VIOLENCIA,14/10/2021,02:00:00 a. m.,CALLEJON BARRANCA
19.3895608,-99.190903,ROBO A TRANSEUNTE EN VIA PUBLICA CON VIOLENCIA,14/10/2021,02:50:00 a. m.,CALLE 10
19.3858777,-99.213177,ROBO A REPARTIDOR CON VIOLENCIA,09/10/2021,12:30:00 p. m.,PERUANOS
19.3807344,-99.241958,ROBO A PASAJERO A BORDO DE PESERO COLECTIVO CON VIOLENCIA,12/10/2021,11:40:00 a. m.,AVENIDA VASCO DE QUIROGA
19.3985416,-99.192222,ROBO DE MOTOCICLETA SIN VIOLENCIA,13/10/2021,01:00:00 p. m.,CONDOR
19.3859819,-99.197825,ROBO A TRANSEUNTE EN VIA PUBLICA CON VIOLENCIA,12/10/2021,12:00:00 p. m.,CENTRAL
19.3832936,-99.234961,ROBO A TRANSEUNTE EN VIA PUBLICA CON VIOLENCIA,13/10/2021,06:00:00 p. m.,AV. VASCO DE QUIROGA A LA LATURA DEL ELEKTRA
19.3438319,-99.190601,ROBO A NEGOCIO CON VIOLENCIA,15/10/2021,11:30:00 a. m.,DR GALVEZ
19.3852748,-99.212811,LESIONES INTENCIONALES POR ARMA DE FUEGO,15/10/2021,07:43:00 p. m.,JUJEÑOS
19.3594589,-99.197823,ROBO A NEGOCIO CON VIOLENCIA,15/10/2021,08:20:00 a. m.,CALZADADE LOS LEONES
19.3690094,-99.192786,ROBO A TRANSEUNTE EN VIA PUBLICA CON VIOLENCIA,16/10/2021,09:45:00 a. m.,FRANCISCO DE P. MIRANDA
19.3771366,-99.231895,ROBO DE MOTOCICLETA CON VIOLENCIA,16/10/2021,01:30:00 a. m.,JALALPA
19.3728145,-99.263131,ROBO A TRANSEUNTE EN VIA PUBLICA CON VIOLENCIA,17/10/2021,12:15:00 p. m.,PROLONGACION PASEO DE LA REFORMA
19.3417611,-99.228549,ROBO A NEGOCIO CON VIOLENCIA,16/10/2021,01:45:00 a. m.,CALZADA DESIERTO DE LOS LEONES RETORNO DE LOS LEONES
19.3975166,-99.205184,ROBO A TRANSEUNTE EN VIA PUBLICA CON VIOLENCIA,17/10/2021,01:30:00 a. m.,CUARTA CERRADA ACUEDUCTO
19.3989793,-99.194048,ROBO DE MOTOCICLETA SIN VIOLENCIA,16/10/2021,08:00:00 p. m.,CAMPO FLORIDO
19.3152068,-99.266279,ROBO DE MOTOCICLETA SIN VIOLENCIA,16/10/2021,02:10:00 a. m.,29 DE OCTUBRE
19.3841057,-99.205206,HOMICIDIO POR ARMA DE FUEGO,17/10/2021,12:08:00 a. m.,HUAMAITENOS
19.3750198,-99.21537,ROBO A TRANSEUNTE EN VIA PUBLICA CON VIOLENCIA,18/10/2021,12:03:00 a. m.,AGUSTIN LARA
19.3599738,-99.239132,ROBO A TRANSEUNTE EN VIA PUBLICA SIN VIOLENCIA,18/10/2021,01:20:00 p. m.,MALITZI
19.3728695,-99.206256,ROBO A TRANSEUNTE EN VIA PUBLICA CON VIOLENCIA,16/10/2021,05:30:00 p. m.,AV DEL ROSAL
19.393197,-99.206802,ROBO A TRANSEUNTE EN VIA PUBLICA CON VIOLENCIA,19/10/2021,07:05:00 p. m.,SAN MARTIN CABALLERO
19.3578241,-99.256171,ROBO DE VEHICULO DE SERVICIO PARTICULAR SIN VIOLENCIA,18/10/2021,12:00:00 p. m.,IGNACIO ZARAGOZA
19.377746,-99.201617,ROBO DE VEHICULO DE SERVICIO PARTICULAR SIN VIOLENCIA,19/10/2021,08:05:00 a. m.,FLOX
19.3768156,-99.197137,ROBO A NEGOCIO CON VIOLENCIA,20/10/2021,06:30:00 p. m.,BENVENUTO CELLINI
19.3614441,-99.23822,ROBO A TRANSEUNTE EN VIA PUBLICA CON VIOLENCIA,20/10/2021,08:08:00 p. m.,ALBATROS
19.3965094,-99.195626,ROBO A TRANSEUNTE EN VIA PUBLICA CON VIOLENCIA,20/10/2021,10:20:00 p. m.,HALCON
19.314033,-99.269988,ROBO A REPARTIDOR CON VIOLENCIA,20/10/2021,04:30:00 p. m.,CERRADA CERESO
19.3414633,-99.199246,ROBO DE VEHICULO DE SERVICIO PARTICULAR CON VIOLENCIA,20/10/2021,06:30:00 p. m.,FRONTERA
19.3466847,-99.189128,ROBO A TRANSEUNTE EN VIA PUBLICA CON VIOLENCIA,17/10/2021,02:30:00 a. m.,AVENIDA DE LA PAZ
19.389795,-99.193078,ROBO DE VEHICULO DE SERVICIO PARTICULAR CON VIOLENCIA,21/10/2021,03:15:00 p. m.,CENTRAL
19.3811612,-99.23951,VIOLACION,20/10/2021,06:00:00 p. m.,ROSALES
19.3611318,-99.189282,ROBO A PASAJERO A BORDO DE METRO SIN VIOLENCIA,20/10/2021,08:00:00 p. m.,AVENIDA REVOLUCION
19.3990894,-99.195767,ROBO A TRANSEUNTE EN VIA PUBLICA CON VIOLENCIA,20/10/2021,01:00:00 p. m.,MINAS DE ARENA
19.3325225,-99.206232,ROBO A TRANSEUNTE EN VIA PUBLICA CON VIOLENCIA,22/10/2021,11:30:00 a. m.,AVENIDA SAN JERONIMO
19.357446,-99.249783,ROBO DE VEHICULO DE SERVICIO PARTICULAR SIN VIOLENCIA,22/10/2021,09:30:00 a. m.,SAN ISIDRO ALTO LERMA
19.3443116,-99.183822,ROBO A TRANSEUNTE EN VIA PUBLICA CON VIOLENCIA,22/10/2021,02:50:00 a. m.,PASEO DEL RIO
19.3865521,-99.212765,VIOLACION,22/10/2021,04:30:00 a. m.,CHILENOS
19.3580683,-99.233996,ROBO A NEGOCIO CON VIOLENCIA,23/10/2021,07:25:00 p. m.,AVENIDA CENTENARIO NUMERO 25
19.3897784,-99.1931,ROBO A TRANSEUNTE EN VIA PUBLICA CON VIOLENCIA,22/10/2021,11:50:00 p. m.,CALLE 10
19.3806486,-99.199814,ROBO A TRANSEUNTE EN VIA PUBLICA CON VIOLENCIA,24/10/2021,02:50:00 a. m.,ROSA BLANCA
19.3780594,-99.211156,ROBO DE VEHICULO DE SERVICIO PARTICULAR CON VIOLENCIA,22/10/2021,12:00:00 p. m.,AVENIDA CENTRAL FRENTE AL NUMERO 60
19.3321361,-99.244496,ROBO DE MOTOCICLETA SIN VIOLENCIA,24/10/2021,08:30:00 a. m.,AVENIDA DE LAS TORRES
19.3654529,-99.207794,ROBO DE MOTOCICLETA SIN VIOLENCIA,23/10/2021,08:30:00 p. m.,AVENIDA 5 DE MAYO
19.3734414,-99.195864,ROBO A TRANSEUNTE EN VIA PUBLICA CON VIOLENCIA,25/10/2021,10:00:00 p. m.,ROSA DE FUEGO
19.3282352,-99.271326,ROBO A TRANSEUNTE EN VIA PUBLICA CON VIOLENCIA,16/10/2021,03:00:00 a. m.,CEDROS
19.3569807,-99.250948,HOMICIDIO POR ARMA DE FUEGO,25/10/2021,11:20:00 a. m.,ANDADOR SOR JUANA INES DE LA CRUZ
19.3832768,-99.235059,ROBO DE MOTOCICLETA SIN VIOLENCIA,24/10/2021,03:00:00 p. m.,VASCO DE QUIROGA
19.32306,-99.215277,ROBO A CASA HABITACION CON VIOLENCIA,16/10/2021,04:06:00 a. m.,NUBES
19.3979022,-99.200232,ROBO A TRANSEUNTE EN VIA PUBLICA CON VIOLENCIA,22/10/2021,01:15:00 p. m.,CALLE LAS TORRES
19.3605329,-99.250331,ROBO A TRANSEUNTE EN VIA PUBLICA CON VIOLENCIA,26/10/2021,05:00:00 p. m.,MOCTEZUMA
19.3815605,-99.208783,ROBO A NEGOCIO CON VIOLENCIA,26/10/2021,03:15:00 p. m.,AVENIDA CHICAGO
19.3761356,-99.222483,ROBO A TRANSEUNTE EN VIA PUBLICA CON VIOLENCIA,26/10/2021,04:45:00 p. m.,ADOLFO DE LA HUERTA
19.3884496,-99.195175,ROBO A TRANSEUNTE EN VIA PUBLICA CON VIOLENCIA,27/10/2021,08:50:00 p. m.,ANCONITANOS
19.3864932,-99.223231,ROBO A TRANSEUNTE EN VIA PUBLICA CON VIOLENCIA,23/10/2021,04:30:00 p. m.,VASCO DE QUIROGA
19.3971928,-99.219224,ROBO A REPARTIDOR CON VIOLENCIA,27/10/2021,08:00:00 a. m.,AVENIDA CONSTITUYENTES
19.3753343,-99.22255,ROBO A TRANSEUNTE EN VIA PUBLICA SIN VIOLENCIA,26/10/2021,07:00:00 p. m.,PUERTO YUCALTEPEN
19.3604211,-99.237324,ROBO A TRANSEUNTE EN VIA PUBLICA CON VIOLENCIA,27/10/2021,10:05:00 p. m.,URRACA
19.3834746,-99.234392,ROBO A TRANSEUNTE EN VIA PUBLICA CON VIOLENCIA,28/10/2021,10:50:00 a. m.,VASCO DE QUIROGA
19.3533248,-99.216897,ROBO A TRANSEUNTE EN VIA PUBLICA CON VIOLENCIA,28/10/2021,01:25:00 p. m.,ESCOLLO
19.3421998,-99.190824,ROBO A TRANSEUNTE EN VIA PUBLICA CON VIOLENCIA,28/10/2021,05:00:00 p. m.,AV REVOLUCION
19.3607651,-99.197092,ROBO A TRANSEUNTE SALIENDO DEL BANCO CON VIOLENCIA,21/10/2021,12:00:00 p. m.,CALZADA DE LOS LEONES
19.3463197,-99.190079,ROBO A PASAJERO A BORDO DE PESERO COLECTIVO SIN VIOLENCIA,28/10/2021,03:00:00 p. m.,AV ALTAVISTA
19.4013612,-99.200032,ROBO A TRANSEUNTE A BORDO DE TAXI PÚBLICO Y PRIVADO CON VIOLENCIA,27/10/2021,05:30:00 p. m.,SUR 122
19.3711521,-99.2295,ROBO A TRANSEUNTE EN VIA PUBLICA CON VIOLENCIA,29/10/2021,08:40:00 a. m.,PUERTO TECOLUTLA
19.3568517,-99.173179,ROBO A TRANSEUNTE EN VIA PUBLICA CON VIOLENCIA,29/10/2021,01:35:00 p. m.,AVENIDA UNIVERSIDAD
19.3733335,-99.214252,ROBO A TRANSEUNTE EN VIA PUBLICA CON VIOLENCIA,29/10/2021,05:55:00 p. m.,ERNESTO P. UCHURTO
19.3890035,-99.201704,ROBO A TRANSEUNTE EN VIA PUBLICA CON VIOLENCIA,29/10/2021,12:20:00 a. m.,JOSE EPINOZA
19.3949876,-99.18939,ROBO A TRANSEUNTE EN VIA PUBLICA CON VIOLENCIA,27/10/2021,06:30:00 p. m.,CALLE FELIPE MARTELL
19.3564907,-99.186563,ROBO DE VEHICULO DE SERVICIO PARTICULAR SIN VIOLENCIA,28/10/2021,02:00:00 p. m.,JUVENTINO ROSAS
19.3751795,-99.233376,ROBO DE MOTOCICLETA SIN VIOLENCIA,28/10/2021,11:00:00 p. m.,AVENIDA VICENTE GUERRERO
19.327503,-99.256616,ROBO A NEGOCIO CON VIOLENCIA,29/10/2021,11:25:00 p. m.,MEXICO 68
19.3783319,-99.216618,LESIONES INTENCIONALES POR ARMA DE FUEGO,30/10/2021,08:45:00 p. m.,AMERICO VESPUCIO Y PEDRO DE MENDOZA
19.3743518,-99.213935,ROBO A NEGOCIO CON VIOLENCIA,29/10/2021,08:00:00 p. m.,HIDALGO
19.3666392,-99.198094,ROBO A TRANSEUNTE EN VIA PUBLICA SIN VIOLENCIA,31/10/2021,02:30:00 a. m.,FRANCISCO P MIRANDA
19.3161111,-99.265874,ROBO DE MOTOCICLETA SIN VIOLENCIA,31/10/2021,04:00:00 a. m.,29 DE OCTUBRE
19.3874076,-99.215949,HOMICIDIO POR ARMA DE FUEGO,31/10/2021,01:10:00 a. m.,CAMINO A SANTA FE
19.3410506,-99.208209,ROBO DE MOTOCICLETA SIN VIOLENCIA,31/10/2021,06:50:00 p. m.,CIUDAD VICTORIA
19.388461,-99.195345,ROBO A NEGOCIO CON VIOLENCIA,01/11/2021,04:40:00 a. m.,TIENDA OXXO CALLE 4
19.3961844,-99.194656,ROBO DE MOTOCICLETA SIN VIOLENCIA,31/10/2021,03:30:00 a. m.,CALLE AGUILA FRENTE AL NUMERO 88
19.3965677,-99.212878,ROBO A TRANSEUNTE EN VIA PUBLICA CON VIOLENCIA,29/10/2021,01:00:00 p. m.,ACUEDUCTO
19.3666764,-99.261496,ROBO A TRANSEUNTE EN VIA PUBLICA CON VIOLENCIA,01/11/2021,03:30:00 p. m.,CAMINO A SANTA FE
19.3256208,-99.269669,ROBO DE VEHICULO DE SERVICIO PARTICULAR SIN VIOLENCIA,01/11/2021,11:45:00 a. m.,COLORINES
19.3401318,-99.205853,ROBO A TRANSEUNTE EN VIA PUBLICA CON VIOLENCIA,01/11/2021,09:15:00 p. m.,CANALITO
19.3823652,-99.229766,ROBO A TRANSEUNTE EN VIA PUBLICA SIN VIOLENCIA,03/10/2021,04:50:00 a. m.,PASO ANCHO
19.3537953,-99.189985,ROBO A TRANSEUNTE EN VIA PUBLICA SIN VIOLENCIA,28/10/2021,02:16:00 a. m.,AVENIDA REVOLUCION
19.3139811,-99.220544,ROBO A TRANSEUNTE EN VIA PUBLICA SIN VIOLENCIA,03/11/2021,07:00:00 a. m.,BOULEVARD ADOLFO RUIZ CORTINES
19.3710598,-99.21423,ROBO A NEGOCIO CON VIOLENCIA,03/11/2021,04:17:00 p. m.,AGUSTIN LARA
19.3860331,-99.19042,LESIONES INTENCIONALES POR ARMA DE FUEGO,03/11/2021,06:00:00 p. m.,BOULEVARD ADOLFO LOPEZ MATEOS DIRECCION SUR
19.3838882,-99.231023,ROBO A TRANSEUNTE EN VIA PUBLICA CON VIOLENCIA,03/11/2021,10:00:00 p. m.,VASCO DE QUIROGA
19.3521315,-99.199172,ROBO A TRANSEUNTE A BORDO DE TAXI PÚBLICO Y PRIVADO CON VIOLENCIA,01/11/2021,03:13:00 p. m.,LEON FELIPE
19.3674852,-99.236218,ROBO DE MOTOCICLETA SIN VIOLENCIA,02/11/2021,09:30:00 p. m.,AVENIDA TAMAULIPAS
19.3403611,-99.202214,ROBO A TRANSEUNTE EN VIA PUBLICA CON VIOLENCIA,03/11/2021,02:00:00 p. m.,TOLUCA
19.3724023,-99.218286,ROBO A REPARTIDOR SIN VIOLENCIA,03/11/2021,11:00:00 a. m.,ANDADOR 27
19.3821135,-99.208716,ROBO A TRANSEUNTE EN VIA PUBLICA CON VIOLENCIA,04/11/2021,06:00:00 a. m.,ANDADOR URANO
19.3733551,-99.215522,VIOLACION,04/11/2021,08:30:00 p. m.,AGUSTIN LARA
19.3313016,-99.245176,ROBO A PASAJERO A BORDO DE PESERO COLECTIVO SIN VIOLENCIA,01/10/2021,08:33:00 a. m.,LAS TORRES
19.3364522,-99.269099,ROBO A TRANSEUNTE EN VIA PUBLICA CON VIOLENCIA,05/11/2021,02:40:00 p. m.,CAMINO VIEJO A MIXCOAC
19.3805903,-99.242227,LESIONES INTENCIONALES POR ARMA DE FUEGO,04/11/2021,09:10:00 p. m.,AVENIDA VASCO DE QUIROGA
19.365915,-99.24696,ROBO DE MOTOCICLETA SIN VIOLENCIA,04/11/2021,10:00:00 p. m.,PRIMERA DE CHAPOPOTLA
19.3794237,-99.217857,ROBO A REPARTIDOR CON VIOLENCIA,29/10/2021,05:40:00 p. m.,"NOGALES FRENTE AL NUMERO , COLONIA LOMAS DE CAPULA"
19.3300138,-99.252665,ROBO DE MOTOCICLETA CON VIOLENCIA,04/11/2021,10:20:00 p. m.,AVENIDA ALTA TENSION
19.3581299,-99.252949,ROBO A TRANSEUNTE EN VIA PUBLICA CON VIOLENCIA,04/11/2021,11:30:00 a. m.,GUADALUPE VICTORIA
19.3770935,-99.191953,ROBO A NEGOCIO CON VIOLENCIA,05/11/2021,07:20:00 p. m.,AVENIDA ADOLFO LOPEZ MATEOS
19.3674869,-99.23593,ROBO A NEGOCIO CON VIOLENCIA,05/11/2021,06:45:00 p. m.,AVENIDA TAMAULIPAS
19.3793753,-99.228491,ROBO DE VEHICULO DE SERVICIO PARTICULAR SIN VIOLENCIA,06/11/2021,11:30:00 a. m.,JOSE MARIA MORELOS
19.3369025,-99.204042,ROBO A TRANSEUNTE EN VIA PUBLICA SIN VIOLENCIA,05/11/2021,02:30:00 a. m.,YUCATAN
19.3825548,-99.202314,ROBO A TRANSEUNTE EN VIA PUBLICA CON VIOLENCIA,06/11/2021,11:22:00 p. m.,AV. MINAS
19.3827739,-99.199719,ROBO DE VEHICULO DE SERVICIO PARTICULAR SIN VIOLENCIA,07/11/2021,07:30:00 a. m.,AVENIDA ALTA TENSION
19.3812353,-99.22641,ROBO A PASAJERO A BORDO DE PESERO COLECTIVO CON VIOLENCIA,06/11/2021,04:00:00 p. m.,CAÑADA DE RIO PINTO
19.3710761,-99.199446,ROBO DE VEHICULO DE SERVICIO PARTICULAR SIN VIOLENCIA,06/11/2021,12:30:00 a. m.,ROSA BENGALA
19.3333835,-99.269648,VIOLACION,06/11/2021,11:00:00 p. m.,NO PROPORCIONA CALLE DE HECHOS
19.3658435,-99.20642,ROBO A TRANSEUNTE EN VIA PUBLICA CON VIOLENCIA,08/11/2021,12:00:00 a. m.,SANTA FE MILPA ALTA
19.3764603,-99.209369,ROBO A TRANSEUNTE EN VIA PUBLICA SIN VIOLENCIA,07/11/2021,11:45:00 a. m.,PADRE HIDALGO
19.3556314,-99.242511,LESIONES INTENCIONALES POR ARMA DE FUEGO,07/11/2021,11:30:00 p. m.,LAZARO CARDENAS
19.3962061,-99.214118,ROBO A TRANSEUNTE EN VIA PUBLICA CON VIOLENCIA,08/11/2021,05:15:00 a. m.,BAJADA DEL CAPULIN
19.3064713,-99.209268,ROBO A TRANSEUNTE EN VIA PUBLICA SIN VIOLENCIA,03/11/2021,08:19:00 a. m.,PERIFERICO SUR
19.3430259,-99.201184,ROBO DE VEHICULO DE SERVICIO PARTICULAR SIN VIOLENCIA,08/11/2021,07:30:00 p. m.,CHIHUAHUA
19.3687748,-99.199998,ROBO DE VEHICULO DE SERVICIO PARTICULAR SIN VIOLENCIA,09/11/2021,08:00:00 a. m.,PROLONGACION RIO MIXCOAC
19.3700149,-99.239422,VIOLACION EQUIPARADA,14/10/2021,10:50:00 a. m.,GUSTAVO DIAZ ORDAZ
19.3919313,-99.203596,ROBO A TRANSEUNTE EN VIA PUBLICA CON VIOLENCIA,10/11/2021,11:18:00 a. m.,LINARES
19.3868384,-99.223905,ROBO A TRANSEUNTE EN VIA PUBLICA CON VIOLENCIA,10/11/2021,12:40:00 p. m.,LIRIO
19.3778979,-99.228695,ROBO A TRANSEUNTE EN VIA PUBLICA CON VIOLENCIA,10/11/2021,05:10:00 a. m.,JUCHIQUE
19.3288479,-99.272051,ROBO A TRANSEUNTE EN VIA PUBLICA SIN VIOLENCIA,27/10/2021,06:08:00 a. m.,PLAZA MIGUEL HIDALGO
19.3793693,-99.210655,ROBO A TRANSEUNTE EN VIA PUBLICA CON VIOLENCIA,11/11/2021,10:20:00 p. m.,AGUSTIN LARA
19.3844568,-99.228286,ROBO A TRANSEUNTE EN VIA PUBLICA CON VIOLENCIA,10/11/2021,02:40:00 p. m.,LOS ARRIEROS
19.3858112,-99.20849,ROBO DE MOTOCICLETA SIN VIOLENCIA,10/11/2021,09:30:00 a. m.,AVENIDA ANTIGUA VIA LA VENTA
19.3685005,-99.200277,ROBO DE VEHICULO DE SERVICIO PARTICULAR SIN VIOLENCIA,12/11/2021,02:15:00 a. m.,RIO MIXCOAC
19.3942744,-99.213053,ROBO A TRANSEUNTE EN VIA PUBLICA CON VIOLENCIA,12/11/2021,02:00:00 p. m.,OCTEAPAN
19.3788119,-99.253155,ROBO A TRANSEUNTE A BORDO DE TAXI PÚBLICO Y PRIVADO CON VIOLENCIA,11/11/2021,11:00:00 a. m.,GOMEZ FARIAS
19.3413657,-99.202627,ROBO DE VEHICULO DE SERVICIO PARTICULAR CON VIOLENCIA,04/11/2021,02:00:00 a. m.,CHIHUAHUA
19.3703926,-99.202162,ROBO DE VEHICULO DE SERVICIO PARTICULAR CON VIOLENCIA,12/11/2021,04:15:00 p. m.,ROSA CHINA
19.3686836,-99.234731,VIOLACION,12/11/2021,10:00:00 a. m.,TACALA
19.380406,-99.234583,HOMICIDIO POR GOLPES,12/11/2021,04:30:00 p. m.,FRESNO
19.3578507,-99.189835,ROBO A NEGOCIO CON VIOLENCIA,12/11/2021,10:30:00 p. m.,AVENIDA REVOLUCION
19.3406571,-99.251746,ROBO A TRANSEUNTE SALIENDO DEL BANCO CON VIOLENCIA,12/11/2021,01:00:00 p. m.,CALZADA DE LAS AGUILAS
19.3592323,-99.232024,ROBO A TRANSEUNTE EN VIA PUBLICA CON VIOLENCIA,13/11/2021,03:30:00 a. m.,AVENIDA CENTENARIO
19.3862367,-99.224329,ROBO A TRANSEUNTE EN VIA PUBLICA CON VIOLENCIA,03/11/2021,08:50:00 a. m.,VASCO DE QUIROGA
19.3842501,-99.201168,ROBO A REPARTIDOR CON VIOLENCIA,12/10/2021,01:03:00 p. m.,NETO
19.3860909,-99.201618,HOMICIDIO POR ARMA DE FUEGO,13/11/2021,01:35:00 a. m.,ANDADOR 3 DE MAYO
19.3778649,-99.201946,VIOLACION EQUIPARADA,13/11/2021,06:00:00 p. m.,SEBASTIAN APARICIO
19.3676831,-99.204514,ROBO DE VEHICULO DE SERVICIO PARTICULAR SIN VIOLENCIA,14/11/2021,05:16:00 p. m.,ALTA TENSION
19.3842101,-99.229733,ROBO A TRANSEUNTE EN VIA PUBLICA CON VIOLENCIA,15/11/2021,07:20:00 a. m.,VASCO DE QUIROGA
19.3876202,-99.211478,ROBO A TRANSEUNTE EN VIA PUBLICA CON VIOLENCIA,15/11/2021,12:20:00 p. m.,BOLIVIANOS
19.3866728,-99.199313,ROBO A TRANSEUNTE EN VIA PUBLICA CON VIOLENCIA,15/11/2021,07:38:00 p. m.,ESCUADRON 201
19.3395486,-99.196794,"ROBO DE VEHICULO EN PENSION, TALLER Y AGENCIAS S/V",12/10/2021,09:00:00 a. m.,FERROCARRIL DEL VALLE
19.3663592,-99.203536,VIOLACION EQUIPARADA,08/11/2021,01:00:00 p. m.,AVENIDA CENTENARIO
19.3223978,-99.258098,ROBO A TRANSEUNTE EN VIA PUBLICA CON VIOLENCIA,16/11/2021,10:35:00 p. m.,MIGUEL HIDALGO
19.3783646,-99.215278,ROBO A TRANSEUNTE EN VIA PUBLICA CON VIOLENCIA,16/11/2021,07:10:00 p. m.,LAZARO CARDENAS
19.382656,-99.229902,ROBO DE MOTOCICLETA SIN VIOLENCIA,17/11/2021,03:55:00 a. m.,PASO ANCHO
19.3793642,-99.212532,ROBO A TRANSEUNTE EN VIA PUBLICA CON VIOLENCIA,17/11/2021,05:30:00 a. m.,LOMAS DE CAPULA
19.3861248,-99.210066,ROBO A REPARTIDOR CON VIOLENCIA,16/11/2021,01:30:00 p. m.,MODENESES
19.359877,-99.19771,ROBO A PASAJERO A BORDO DE PESERO COLECTIVO CON VIOLENCIA,16/11/2021,07:30:00 p. m.,DE LAS AGUILAS
19.3798095,-99.233499,ROBO A TRANSEUNTE EN VIA PUBLICA CON VIOLENCIA,16/11/2021,04:30:00 p. m.,CALEJON CEBADA
19.3926411,-99.209507,ROBO A REPARTIDOR SIN VIOLENCIA,17/11/2021,12:00:00 p. m.,SAN JOSE
19.3972156,-99.192992,ROBO DE MOTOCICLETA SIN VIOLENCIA,07/11/2021,02:15:00 a. m.,CANARIO
19.3831873,-99.207781,ROBO A TRANSEUNTE EN VIA PUBLICA CON VIOLENCIA,18/11/2021,09:00:00 a. m.,MERCURIO
19.3728382,-99.197927,ROBO A TRANSEUNTE EN VIA PUBLICA CON VIOLENCIA,18/11/2021,07:20:00 p. m.,ROSA DE ORO
19.3803055,-99.240114,ROBO A NEGOCIO CON VIOLENCIA,18/11/2021,08:25:00 p. m.,TEJOCOTE
19.3650439,-99.209826,ROBO DE VEHICULO DE SERVICIO PARTICULAR SIN VIOLENCIA,18/11/2021,12:00:00 p. m.,AVENIDA PROLONGACION 5 DE MAYO
19.3928423,-99.196062,ROBO DE VEHICULO DE SERVICIO PARTICULAR SIN VIOLENCIA,17/11/2021,06:50:00 p. m.,PROLONGACION DIVISION DEL NORTE
19.3619641,-99.248651,ROBO DE VEHICULO DE SERVICIO PARTICULAR CON VIOLENCIA,19/11/2021,05:10:00 a. m.,AVENIDA SAN LUIS
19.3780221,-99.254757,ROBO A NEGOCIO CON VIOLENCIA,15/11/2021,05:00:00 p. m.,MEXICO-TOLUCA (PROLONGACION PASEO DE LA REFORMA)
19.3896457,-99.19082,ROBO A TRANSEUNTE EN VIA PUBLICA CON VIOLENCIA,14/11/2021,05:26:00 p. m.,FERROCARRIL DE CUERNAVACA
19.3773249,-99.206948,ROBO A TRANSEUNTE EN VIA PUBLICA CON VIOLENCIA,19/11/2021,03:30:00 p. m.,CALLE 12
19.36469,-99.249088,ROBO A TRANSEUNTE EN VIA PUBLICA CON VIOLENCIA,18/11/2021,05:15:00 p. m.,GUSTAVO DIAZ ORDAZ
19.3575485,-99.233039,ROBO A REPARTIDOR CON VIOLENCIA,19/11/2021,08:30:00 p. m.,MINAS
19.3840868,-99.204558,ROBO DE MOTOCICLETA SIN VIOLENCIA,20/11/2021,08:50:00 a. m.,NIEVANOS
19.3583453,-99.198109,ROBO A REPARTIDOR SIN VIOLENCIA,19/11/2021,03:10:00 p. m.,DE LOS LEONES
19.3410266,-99.195275,ROBO DE VEHICULO DE SERVICIO PARTICULAR CON VIOLENCIA,19/11/2021,08:30:00 p. m.,CALLE RIO CHICO CUARENTA METROS ANTES DE LLEGAR A CALLE ARTEAGA
19.3839882,-99.199513,ROBO A TRANSEUNTE EN VIA PUBLICA CON VIOLENCIA,21/11/2021,03:00:00 a. m.,CENTRAL
19.317867,-99.294165,ROBO A PASAJERO A BORDO DE PESERO COLECTIVO SIN VIOLENCIA,15/11/2021,02:30:00 p. m.,DESIERTO DE LOS LEONES
19.3439092,-99.203295,ROBO A TRANSEUNTE A BORDO DE TAXI PÚBLICO Y PRIVADO CON VIOLENCIA,21/11/2021,04:30:00 a. m.,ANTIGUO CAMINO A ACAPULCO
19.3643199,-99.24185,ROBO DE VEHICULO DE SERVICIO PARTICULAR SIN VIOLENCIA,20/11/2021,10:00:00 a. m.,PRIVADA CANTERA
19.3294741,-99.247936,ROBO DE MOTOCICLETA CON VIOLENCIA,21/11/2021,03:00:00 a. m.,JOSE MARIA MORELOS Y PAVON
19.3618489,-99.248978,ROBO A TRANSEUNTE EN VIA PUBLICA CON VIOLENCIA,21/11/2021,08:10:00 p. m.,CERRADA DE LOS ANGELES
19.3819304,-99.220146,ROBO A TRANSEUNTE EN VIA PUBLICA CON VIOLENCIA,22/11/2021,11:10:00 a. m.,AVENIDA MEXICO
19.4010273,-99.202384,ROBO A TRANSEUNTE EN VIA PUBLICA CON VIOLENCIA,22/11/2021,08:50:00 p. m.,SUR 128
19.3600009,-99.183356,ROBO A NEGOCIO CON VIOLENCIA,18/11/2021,09:37:00 p. m.,AVENIDA INSURGENTES SUR
19.3218178,-99.284107,ROBO A TRANSEUNTE EN VIA PUBLICA SIN VIOLENCIA,20/11/2021,01:00:00 p. m.,LA GRANJA
19.3386273,-99.203217,ROBO DE VEHICULO DE SERVICIO PARTICULAR SIN VIOLENCIA,20/11/2021,09:53:00 p. m.,MEXICO
19.3334795,-99.204204,ROBO A TRANSEUNTE EN VIA PUBLICA CON VIOLENCIA,22/11/2021,01:29:00 p. m.,EJE 10 SUR
19.3326524,-99.273229,ROBO A REPARTIDOR CON VIOLENCIA,23/11/2021,09:51:00 a. m.,AVENIDA FRANCISCO I. MADERO
19.3832806,-99.241632,VIOLACION,12/10/2021,03:00:00 p. m.,BELLAVISTA
19.3868955,-99.212224,ROBO A TRANSEUNTE EN VIA PUBLICA CON VIOLENCIA,24/11/2021,12:10:00 p. m.,URUGUAYOS
19.3611093,-99.18943,ROBO A TRANSEUNTE EN VIA PUBLICA CON VIOLENCIA,24/11/2021,03:00:00 p. m.,REVOLUCION
19.3593698,-99.254791,ROBO A TRANSEUNTE EN VIA PUBLICA CON VIOLENCIA,19/11/2021,11:45:00 p. m.,AV TAMAULIPAS
19.3569314,-99.228825,ROBO DE VEHICULO DE SERVICIO PARTICULAR SIN VIOLENCIA,22/11/2021,07:30:00 p. m.,AVENIDA CENTENARIO
19.3981742,-99.201996,ROBO A TRANSEUNTE EN VIA PUBLICA CON VIOLENCIA,25/11/2021,06:30:00 a. m.,CALZADA MINAS
19.3612739,-99.250923,ROBO A TRANSEUNTE EN VIA PUBLICA CON VIOLENCIA,25/11/2021,02:12:00 p. m.,TAMAULIPAS
19.39919,-99.210169,ROBO A TRANSEUNTE EN VIA PUBLICA CON VIOLENCIA,25/11/2021,08:00:00 p. m.,HENEQUEN
19.3528681,-99.236263,ROBO A REPARTIDOR CON VIOLENCIA,20/11/2021,01:30:00 p. m.,MINA DE SAL
19.3782603,-99.237091,ROBO A NEGOCIO CON VIOLENCIA,21/11/2021,12:30:00 p. m.,BETO AVILA
19.3773035,-99.245685,ROBO A TRANSEUNTE EN VIA PUBLICA CON VIOLENCIA,03/11/2021,11:10:00 a. m.,GENERAL ANTONIO ROSALES
19.3236918,-99.257914,ROBO A CASA HABITACION CON VIOLENCIA,27/10/2021,07:40:00 p. m.,AVENIDA MEXICO 68
19.3327548,-99.206232,ROBO A TRANSEUNTE EN VIA PUBLICA CON VIOLENCIA,23/11/2021,06:30:00 p. m.,AVENIDA REVOLUCION
19.3508518,-99.185147,ROBO A TRANSEUNTE EN VIA PUBLICA SIN VIOLENCIA,21/11/2021,01:15:00 p. m.,"AV, VITO ALESSIO ROBLES"
19.3730631,-99.2062,ROBO DE MOTOCICLETA SIN VIOLENCIA,26/11/2021,06:00:00 p. m.,AV DEL ROSAL
19.3867561,-99.218602,LESIONES INTENCIONALES POR ARMA DE FUEGO,26/11/2021,06:40:00 p. m.,CAMINO A SANTA FE
19.3744201,-99.213914,ROBO A TRANSEUNTE EN VIA PUBLICA CON VIOLENCIA,26/11/2021,09:30:00 p. m.,JUAN SIN MIEDO
19.3373481,-99.201726,ROBO DE VEHICULO DE SERVICIO PARTICULAR SIN VIOLENCIA,25/11/2021,11:00:00 p. m.,CUAUHTÉMOC
19.3658536,-99.195739,ROBO DE MOTOCICLETA SIN VIOLENCIA,22/11/2021,05:00:00 p. m.,AVENIDA CENTENARIO
19.3521464,-99.244403,ROBO DE VEHICULO DE SERVICIO PARTICULAR SIN VIOLENCIA,25/11/2021,02:30:00 p. m.,CASA BLANCA
19.3942299,-99.204827,ROBO DE MOTOCICLETA CON VIOLENCIA,26/11/2021,05:45:00 p. m.,MIRADOR
19.3574079,-99.185793,ROBO DE VEHICULO DE SERVICIO PARTICULAR SIN VIOLENCIA,26/11/2021,08:00:00 a. m.,MANUEL LERDO DE TEJADA
19.3719384,-99.238849,ROBO DE MOTOCICLETA CON VIOLENCIA,27/11/2021,04:00:00 a. m.,AVENIDA JALALPA NORTE ESQUINA ALMENDRO
19.38399,-99.2156,ROBO A TRANSEUNTE EN VIA PUBLICA CON VIOLENCIA,25/11/2021,12:00:00 p. m.,PRIMER CERRADA DE PRINCIPAL Y CALLE PRINCIPAL
19.4004564,-99.209607,ROBO A TRANSEUNTE EN VIA PUBLICA CON VIOLENCIA,08/11/2021,02:30:00 p. m.,AVENIDA OBSERVATORIO
19.379001,-99.238367,ROBO A REPARTIDOR CON VIOLENCIA,27/11/2021,03:30:00 p. m.,CALLLEJON 3
19.3764051,-99.201047,ROBO DE VEHICULO DE SERVICIO PARTICULAR CON VIOLENCIA,27/11/2021,05:15:00 a. m.,AVENIDA SANTA LUCIA
19.3285409,-99.270855,ROBO A TRANSEUNTE EN VIA PUBLICA SIN VIOLENCIA,28/11/2021,12:00:00 p. m.,MIGUEL HIDALGO
19.3650227,-99.197087,ROBO DE MOTOCICLETA SIN VIOLENCIA,25/11/2021,06:25:00 p. m.,AVENIDA 5 DE MAYO
19.3399374,-99.193337,ROBO DE VEHICULO DE SERVICIO PARTICULAR SIN VIOLENCIA,16/11/2021,01:45:00 a. m.,ALTAMIRANO
19.3273063,-99.260916,ROBO A TRANSEUNTE EN VIA PUBLICA CON VIOLENCIA,29/11/2021,11:20:00 a. m.,CALZADA DESIERTO DE LOS LEONES
19.3812151,-99.201862,ROBO A TRANSEUNTE EN VIA PUBLICA CON VIOLENCIA,29/11/2021,03:58:00 p. m.,AVENIDA MINAS
19.378328,-99.229924,ROBO A CASA HABITACION CON VIOLENCIA,10/11/2021,12:19:00 p. m.,CALZADA JALALPA
19.3904659,-99.211064,VIOLACION EQUIPARADA,26/11/2021,10:30:00 p. m.,AV. PARAISO
19.3415745,-99.205523,ROBO A NEGOCIO CON VIOLENCIA,20/11/2021,05:15:00 p. m.,VERACRUZ
19.3768782,-99.245264,ROBO A REPARTIDOR CON VIOLENCIA,22/11/2021,12:00:00 p. m.,ANDADOR ESTRAGON ESQUINA CALLEJON ACEDERO
19.3290457,-99.272214,ROBO A TRANSEUNTE EN VIA PUBLICA SIN VIOLENCIA,28/11/2021,12:00:00 p. m.,ALDAMA
19.3569652,-99.250336,VIOLACION,20/11/2021,04:00:00 a. m.,RETORNO 18 DE JULIO
19.330317,-99.290447,ROBO DE VEHICULO DE SERVICIO PÚBLICO CON VIOLENCIA,29/11/2021,06:00:00 p. m.,CALZADA DESIERTO DE LOS LEONES
19.3658867,-99.198168,VIOLACION,20/01/2015,10:00:00 p. m.,AV. CENTENARIO
19.3740234,-99.206296,ROBO A TRANSEUNTE EN VIA PUBLICA SIN VIOLENCIA,30/11/2021,07:00:00 p. m.,CALLE 8
19.383279,-99.217427,ROBO A TRANSEUNTE EN VIA PUBLICA CON VIOLENCIA,02/12/2021,01:20:00 p. m.,AVENIDA DE LAS PRESAS (AVENIDA CHICAGO)
19.3990369,-99.198351,ROBO A TRANSEUNTE EN VIA PUBLICA CON VIOLENCIA,02/12/2021,01:10:00 p. m.,MINAS DE ARENA
19.3575172,-99.249637,ROBO A TRANSEUNTE EN VIA PUBLICA CON VIOLENCIA,02/12/2021,07:10:00 p. m.,ALTO LERMA
19.3611694,-99.192465,ROBO A TRANSEUNTE EN VIA PUBLICA CON VIOLENCIA,24/11/2021,01:15:00 p. m.,ANDES
19.385805,-99.217944,ROBO A REPARTIDOR CON VIOLENCIA,18/11/2021,01:50:00 p. m.,AVENIDA ANTIGUA VIA LA VENTA
19.391551,-99.200217,ROBO DE MOTOCICLETA SIN VIOLENCIA,26/11/2021,11:00:00 p. m.,LA GUILOTA
19.3999809,-99.197876,VIOLACION EQUIPARADA,02/12/2021,07:40:00 p. m.,MINAS DE ARENA
19.3610558,-99.189028,ROBO A NEGOCIO CON VIOLENCIA,03/12/2021,12:05:00 a. m.,AVENIDA REVOLUCION
19.3913864,-99.195186,ROBO A TRANSEUNTE EN VIA PUBLICA CON VIOLENCIA,03/12/2021,04:15:00 a. m.,SUR 112
19.3685536,-99.226042,ROBO A TRANSEUNTE EN VIA PUBLICA CON VIOLENCIA,03/12/2021,11:20:00 a. m.,AVENIDA SANTA LUCIA
19.3837291,-99.191711,ROBO A TRANSEUNTE EN VIA PUBLICA CON VIOLENCIA,03/12/2021,05:15:00 p. m.,RIO BECERRA
19.4001852,-99.210457,ROBO A TRANSEUNTE EN VIA PUBLICA CON VIOLENCIA,03/12/2021,04:40:00 p. m.,HENEQUEN
19.38208,-99.229325,ROBO A REPARTIDOR CON VIOLENCIA,30/11/2021,05:30:00 p. m.,HERON PROAL
19.3780019,-99.253331,ROBO DE VEHICULO DE SERVICIO PARTICULAR CON VIOLENCIA,03/12/2021,03:20:00 a. m.,ISAAC COSTERO TUDANCA
19.3557339,-99.254079,ROBO A TRANSEUNTE EN VIA PUBLICA CON VIOLENCIA,30/11/2021,11:30:00 a. m.,ALTO LERMA
19.357655,-99.240254,ROBO A NEGOCIO CON VIOLENCIA,01/12/2021,03:30:00 p. m.,AVENIDA PUNTA CEHUAYO MANZANA 7 LOTE 4
19.3664215,-99.205028,ROBO DE MOTOCICLETA SIN VIOLENCIA,02/12/2021,10:00:00 a. m.,AV CENTENARIO
19.3401144,-99.191758,ROBO A TRANSEUNTE EN VIA PUBLICA CON VIOLENCIA,02/12/2021,11:30:00 p. m.,AVENIDA REVOLUCION
19.4002635,-99.195764,ROBO A TRANSEUNTE EN VIA PUBLICA CON VIOLENCIA,02/12/2021,08:00:00 p. m.,FELIX U. GOMEZ
19.3769099,-99.203918,ROBO A TRANSEUNTE EN VIA PUBLICA CON VIOLENCIA,04/12/2021,07:30:00 a. m.,CALLE SEIS
19.3820854,-99.228644,ROBO A TRANSEUNTE EN VIA PUBLICA CON VIOLENCIA,04/12/2021,10:25:00 a. m.,GENARO GOMEZ
19.341582,-99.193234,ROBO A TRANSEUNTE EN VIA PUBLICA CON VIOLENCIA,04/12/2021,03:20:00 p. m.,CALLE RIO CHICO Y CALLE ARTEGA
19.3170997,-99.20046,ROBO DE VEHICULO DE SERVICIO PARTICULAR SIN VIOLENCIA,11/11/2021,12:00:00 p. m.,XITLE
19.3577318,-99.185689,ROBO DE VEHICULO DE SERVICIO PARTICULAR SIN VIOLENCIA,03/12/2021,08:30:00 a. m.,MANUEL LERDO DE TEJADA
19.3425666,-99.221362,ROBO A TRANSEUNTE EN VIA PUBLICA CON VIOLENCIA,05/12/2021,12:15:00 p. m.,DESIERTO DE LOS LEONES
19.3576811,-99.248201,ROBO A TRANSEUNTE EN VIA PUBLICA CON VIOLENCIA,05/12/2021,03:30:00 p. m.,SAN ISIDRO ALTO LERMA Y CALLE CHAIREL
19.3742847,-99.200408,ROBO A TRANSEUNTE EN VIA PUBLICA CON VIOLENCIA,05/11/2021,02:00:00 p. m.,ROSA NEGRA
19.3379582,-99.239239,VIOLACION EQUIPARADA,04/12/2021,08:30:00 p. m.,AVENIDA TOLUCA
19.3581663,-99.234033,ROBO A NEGOCIO CON VIOLENCIA,06/12/2021,11:30:00 a. m.,AV. CENTENARIO
19.3951951,-99.19461,ROBO A TRANSEUNTE EN VIA PUBLICA CON VIOLENCIA,04/12/2021,05:10:00 p. m.,AVENIDA CAMINO A SANTA FE
19.3898945,-99.194039,ROBO A TRANSEUNTE EN VIA PUBLICA CON VIOLENCIA,03/12/2021,11:00:00 a. m.,CALLE 10
19.369146,-99.26214,ROBO A REPARTIDOR CON VIOLENCIA,04/12/2021,08:30:00 p. m.,VASCO DE QUIROGA
19.401346,-99.202914,ROBO A TRANSEUNTE EN VIA PUBLICA CON VIOLENCIA,05/12/2021,05:30:00 p. m.,OBSERVATORIO
19.3353048,-99.199626,ROBO DE MOTOCICLETA SIN VIOLENCIA,06/12/2021,08:00:00 a. m.,IGLESIA
19.3385579,-99.191684,ROBO A TRANSEUNTE EN VIA PUBLICA CON VIOLENCIA,05/12/2021,05:00:00 a. m.,RIO MAGDALENA
19.376486,-99.23221,ROBO DE MOTOCICLETA SIN VIOLENCIA,06/12/2021,10:30:00 p. m.,AVENIDA VICENTE GUERRERO
19.3514252,-99.239232,FEMINICIDIO,07/12/2021,03:41:00 p. m.,PITAGORAS
19.3677695,-99.204333,ROBO A TRANSEUNTE EN VIA PUBLICA CON VIOLENCIA,06/12/2021,10:43:00 p. m.,CIRCUITO TRES
19.3771792,-99.209045,ROBO A TRANSEUNTE EN VIA PUBLICA CON VIOLENCIA,08/12/2021,10:17:00 a. m.,ITANDEHUI
19.372668,-99.214814,ROBO A TRANSEUNTE EN VIA PUBLICA SIN VIOLENCIA,08/12/2021,10:25:00 p. m.,AGUSTIN LARA
19.363265,-99.192589,ROBO A TRANSEUNTE EN VIA PUBLICA CON VIOLENCIA,05/12/2021,10:30:00 a. m.,ANDES
19.3506985,-99.224859,VIOLACION,29/11/2021,03:00:00 p. m.,TARANGO
19.3805958,-99.199782,ROBO A TRANSEUNTE EN VIA PUBLICA SIN VIOLENCIA,03/12/2021,02:15:00 p. m.,ROSA BLANCA
19.382321,-99.203367,ROBO A TRANSEUNTE EN VIA PUBLICA CON VIOLENCIA,08/12/2021,01:17:00 a. m.,MINAS
19.3472991,-99.224232,ROBO A TRANSEUNTE EN VIA PUBLICA CON VIOLENCIA,19/11/2021,01:55:00 p. m.,ALHOLVAS
19.3934482,-99.212505,ROBO A TRANSEUNTE EN VIA PUBLICA CON VIOLENCIA,05/12/2021,08:00:00 p. m.,MANUEL PAYNO
19.343186,-99.190489,ROBO A TRANSEUNTE EN VIA PUBLICA CON VIOLENCIA,03/12/2021,03:55:00 p. m.,AVENIDA REVOLUCION
19.3957429,-99.193022,ROBO A TRANSEUNTE EN VIA PUBLICA CON VIOLENCIA,10/12/2021,10:50:00 a. m.,CANARIOS
19.3598338,-99.229048,ROBO A TRANSEUNTE EN VIA PUBLICA CON VIOLENCIA,10/12/2021,12:58:00 p. m.,CENTENARIO
19.3484461,-99.184806,ROBO A TRANSEUNTE EN VIA PUBLICA CON VIOLENCIA,10/12/2021,08:40:00 p. m.,ARENAL
19.3096013,-99.21155,ROBO DE VEHICULO DE SERVICIO PARTICULAR SIN VIOLENCIA,09/12/2021,07:00:00 a. m.,CAMINO A SANTA TERESA
19.3668177,-99.26458,ROBO A TRANSEUNTE EN VIA PUBLICA CON VIOLENCIA,25/10/2021,11:30:00 a. m.,AVENIDA VASCO DE QUIROGA
19.3693463,-99.202507,VIOLACION EQUIPARADA,15/10/2021,01:00:00 p. m.,PIEDRA BOLA
19.3972508,-99.192821,ROBO A TRANSEUNTE EN VIA PUBLICA CON VIOLENCIA,11/12/2021,03:05:00 p. m.,AGUILA
19.387248,-99.19209,ROBO DE VEHICULO DE SERVICIO PARTICULAR SIN VIOLENCIA,18/10/2021,10:15:00 a. m.,TOLTECAS
19.400794,-99.204547,ROBO A TRANSEUNTE EN VIA PUBLICA SIN VIOLENCIA,10/12/2021,04:00:00 a. m.,SUR 136
19.3667834,-99.264578,ROBO DE VEHICULO DE SERVICIO PARTICULAR SIN VIOLENCIA,11/12/2021,07:47:00 p. m.,AVENIDA VASCO DE QUIROGA
19.3202041,-99.263012,ROBO DE MOTOCICLETA SIN VIOLENCIA,12/12/2021,01:40:00 a. m.,AVENIDA 29 DE OCTUBRE Y AVENIDA LAZARO CARDENAS
19.3590866,-99.255399,VIOLACION,11/12/2021,01:00:00 a. m.,NO ESPECIFICA LUGAR EXACTO DE LOS HECHOS
19.3177045,-99.294213,ROBO A TRANSEUNTE EN VIA PUBLICA SIN VIOLENCIA,11/12/2021,11:22:00 a. m.,ANDADOR DESIERTO DE LOS LEONES
19.372223,-99.238493,HOMICIDIOS INTENCIONALES (OTROS),13/11/2021,05:00:00 p. m.,FORTIN
19.3326493,-99.273175,ROBO A TRANSEUNTE EN VIA PUBLICA SIN VIOLENCIA,13/12/2021,12:45:00 a. m.,FRANCISCO I MADERO
19.3774538,-99.217623,ROBO A REPARTIDOR CON VIOLENCIA,11/12/2021,10:30:00 a. m.,PEDRO CAVILHA
19.3796982,-99.244939,ROBO A TRANSEUNTE EN VIA PUBLICA CON VIOLENCIA,08/12/2021,03:15:00 p. m.,VASCO DE QUIROGA
19.3898203,-99.193732,ROBO A TRANSEUNTE EN VIA PUBLICA CON VIOLENCIA,14/12/2021,10:30:00 p. m.,CENTRAL
19.3694693,-99.220556,ROBO A TRANSEUNTE EN VIA PUBLICA CON VIOLENCIA,14/12/2021,07:00:00 a. m.,TREINTA Y DOS
19.356839,-99.236108,ROBO A TRANSEUNTE A BORDO DE TAXI PÚBLICO Y PRIVADO CON VIOLENCIA,12/12/2021,04:59:00 a. m.,AVENIDA CENTENARIO
19.3775262,-99.20604,ROBO DE MOTOCICLETA CON VIOLENCIA,14/12/2021,01:40:00 p. m.,PADRE HIDALGO
19.3939907,-99.200516,ROBO A TRANSEUNTE EN VIA PUBLICA CON VIOLENCIA,15/12/2021,01:25:00 p. m.,JARDIN
19.3242487,-99.258477,ROBO A TRANSEUNTE EN VIA PUBLICA CON VIOLENCIA,15/12/2021,03:00:00 p. m.,ABEDULES Y AVILA CAMACHO
19.3791405,-99.200555,ROBO A NEGOCIO CON VIOLENCIA,07/12/2021,07:30:00 p. m.,AVENIDA CENTRAL ALTA TENSION
19.3170853,-99.265199,ROBO A NEGOCIO CON VIOLENCIA,13/12/2021,05:34:00 p. m.,AVENIDA 29 DE OCTUBRE
19.3652829,-99.217163,ROBO A NEGOCIO CON VIOLENCIA,16/12/2021,12:35:00 p. m.,AV CENTENARIO
19.3686747,-99.203891,ROBO A TRANSEUNTE EN VIA PUBLICA CON VIOLENCIA,16/12/2021,06:35:00 p. m.,GUIJA
19.3337325,-99.234643,ROBO A TRANSEUNTE EN VIA PUBLICA CON VIOLENCIA,15/12/2021,11:47:00 p. m.,AVENIDA DE LAS TORRES
19.3791993,-99.2133,ROBO A TRANSEUNTE EN VIA PUBLICA CON VIOLENCIA,15/12/2021,11:40:00 p. m.,FELIX DE AZARA
19.3954904,-99.189888,ROBO A TRANSEUNTE EN VIA PUBLICA CON VIOLENCIA,16/12/2021,12:13:00 a. m.,FERROCARRIL DE CUERNAVACA
19.3821576,-99.229363,ROBO A TRANSEUNTE EN VIA PUBLICA CON VIOLENCIA,15/12/2021,11:00:00 a. m.,HERON PROAL
19.3539207,-99.235899,ROBO A TRANSEUNTE EN VIA PUBLICA CON VIOLENCIA,15/12/2021,08:00:00 p. m.,TAPUYAS
19.3643257,-99.260335,ROBO DE VEHICULO DE SERVICIO PARTICULAR SIN VIOLENCIA,15/12/2021,05:00:00 p. m.,JAVIER BARROS SIERRA
19.3675857,-99.228612,ROBO A TRANSEUNTE EN VIA PUBLICA SIN VIOLENCIA,16/12/2021,02:30:00 p. m.,AVENIDA SANTA LUCIA
19.374141,-99.258093,ROBO A TRANSEUNTE EN VIA PUBLICA SIN VIOLENCIA,16/12/2021,07:30:00 a. m.,AVENIDA VASCO DE QUIROGA
19.3856592,-99.218713,ROBO A TRANSEUNTE EN VIA PUBLICA CON VIOLENCIA,15/12/2021,10:30:00 a. m.,CALLEJON DE TEMIXCO
19.3581049,-99.228283,ROBO DE VEHICULO DE SERVICIO PARTICULAR SIN VIOLENCIA,16/12/2021,11:00:00 p. m.,6
19.3677692,-99.204563,ROBO A TRANSEUNTE EN VIA PUBLICA CON VIOLENCIA,16/12/2021,05:30:00 p. m.,ALTA TENSION
19.3303941,-99.24484,ROBO DE VEHICULO DE SERVICIO PÚBLICO CON VIOLENCIA,15/12/2021,03:50:00 a. m.,AVENIDA DE LOS FRESNOS SIN NUMERO
19.376102,-99.229917,ROBO A TRANSEUNTE EN VIA PUBLICA CON VIOLENCIA,18/12/2021,07:30:00 p. m.,PUERTO MAZATLAN
19.3866077,-99.200311,ROBO A REPARTIDOR CON VIOLENCIA,17/12/2021,12:00:00 p. m.,SICILIANOS
19.3175248,-99.270781,ROBO A TRANSEUNTE EN VIA PUBLICA CON VIOLENCIA,18/12/2021,12:30:00 a. m.,CALLE CENTENARIO ENTRE PRIVADA PANORAMA Y AZALEA
19.3810075,-99.237577,ROBO A TRANSEUNTE EN VIA PUBLICA CON VIOLENCIA,18/12/2021,05:15:00 a. m.,CHAMIZAL Y CERRADA DE PUEBLO NUEVO
19.3978997,-99.200278,ROBO A TRANSEUNTE EN VIA PUBLICA CON VIOLENCIA,18/12/2021,06:00:00 a. m.,AVENIDA RIO DE TACUBAYA
19.3696839,-99.199505,HOMICIDIO POR GOLPES,17/12/2021,11:20:00 p. m.,RÍO MIXCOAC Y ROCA
19.3922214,-99.215148,HOMICIDIO POR ARMA DE FUEGO,17/12/2021,11:59:00 p. m.,AVENIDA PRESIDENTE JUÁREZ
19.3940591,-99.205423,VIOLACION,20/12/2020,10:00:00 a. m.,SEGUNDA RETORNO EL MIRADOR
19.3810999,-99.223584,ROBO A TRANSEUNTE EN VIA PUBLICA CON VIOLENCIA,18/12/2021,01:15:00 p. m.,AVENIDA MEXICO
19.3881781,-99.19446,ROBO A TRANSEUNTE EN VIA PUBLICA CON VIOLENCIA,18/12/2021,12:25:00 p. m.,ZAPOTECAS
19.3613554,-99.230293,ROBO DE MOTOCICLETA SIN VIOLENCIA,19/12/2021,01:47:00 a. m.,SIN REGISTRO
19.3435791,-99.184877,ROBO DE VEHICULO DE SERVICIO PARTICULAR SIN VIOLENCIA,18/12/2021,02:00:00 p. m.,PASEO DEL RIO FRENTE AL NUMERO 118
19.3901104,-99.201759,ROBO DE MOTOCICLETA SIN VIOLENCIA,20/12/2021,03:00:00 a. m.,ESCUADRON 201
19.3433726,-99.231853,ROBO A TRANSEUNTE EN VIA PUBLICA CON VIOLENCIA,20/12/2021,11:25:00 a. m.,ANDADOR TRAS EL RANCHO
19.3541565,-99.236571,ROBO A TRANSEUNTE EN VIA PUBLICA CON VIOLENCIA,20/12/2021,10:15:00 p. m.,YUNCAS
19.3744143,-99.225008,ROBO A REPARTIDOR CON VIOLENCIA,11/12/2021,03:00:00 p. m.,TOMAS JEFERSON
19.3791003,-99.200472,ROBO A NEGOCIO CON VIOLENCIA,15/12/2021,06:00:00 p. m.,AVENIDA CENTRAL ALTA TENSION
19.4005621,-99.202359,ROBO A REPARTIDOR CON VIOLENCIA,18/12/2021,02:00:00 p. m.,SUR 128
19.3285708,-99.211478,ROBO A TRANSEUNTE EN VIA PUBLICA CON VIOLENCIA,20/12/2021,10:15:00 a. m.,BOULEVARD ADOLFO RUIZ CORTINES
19.3902313,-99.202556,ROBO A TRANSEUNTE EN VIA PUBLICA SIN VIOLENCIA,19/12/2021,05:00:00 a. m.,AVENIDA TOLUCA
19.3857213,-99.211827,ROBO A TRANSEUNTE EN VIA PUBLICA CON VIOLENCIA,21/12/2021,09:50:00 a. m.,ANTIGUA VIA LA VENTA
19.3759607,-99.21089,ROBO A NEGOCIO CON VIOLENCIA,22/12/2021,07:10:00 p. m.,PADRE HIDALGO
19.3795653,-99.2003,ROBO DE VEHICULO DE SERVICIO PARTICULAR CON VIOLENCIA,21/12/2021,08:15:00 p. m.,AV ALTA TENSION
19.3624739,-99.224071,ROBO A TRANSEUNTE A BORDO DE TAXI PÚBLICO Y PRIVADO CON VIOLENCIA,21/12/2021,02:20:00 p. m.,AVENIDA CENTENARIO
19.3508806,-99.18498,ROBO DE VEHICULO DE SERVICIO PARTICULAR SIN VIOLENCIA,22/12/2021,01:00:00 p. m.,VITO ALESSIO ROBLES
19.3541256,-99.175427,ROBO A PASAJERO A BORDO DE METRO CON VIOLENCIA,21/12/2021,02:30:00 p. m.,AVENIDA UNIVERSIDAD
19.3816286,-99.24023,ROBO A NEGOCIO CON VIOLENCIA,22/12/2021,05:05:00 p. m.,CORREGIDORA
19.3546609,-99.253021,ROBO A TRANSEUNTE EN VIA PUBLICA CON VIOLENCIA,23/12/2021,03:40:00 p. m.,YUIKO
19.3835403,-99.233015,ROBO A TRANSEUNTE EN VIA PUBLICA CON VIOLENCIA,18/12/2021,09:30:00 p. m.,VASCO DE QUIROGA
19.3207026,-99.26313,ROBO A REPARTIDOR CON VIOLENCIA,15/11/2021,11:30:00 a. m.,PENDIENTE
19.3449253,-99.190813,ROBO A NEGOCIO CON VIOLENCIA,23/12/2021,02:00:00 p. m.,AVENIDA MADERO
19.389488,-99.194017,ROBO DE MOTOCICLETA SIN VIOLENCIA,24/12/2021,02:28:00 a. m.,AVENIDA CENTRAL
19.3151935,-99.266275,ROBO A TRANSEUNTE EN VIA PUBLICA CON VIOLENCIA,24/12/2021,08:45:00 p. m.,29 DE OCTUBRE
19.3693707,-99.192254,ROBO A NEGOCIO CON VIOLENCIA,22/12/2021,06:15:00 p. m.,"CALLE FRANCISCO P, MIRANDA"
19.3461836,-99.189958,ROBO DE VEHICULO DE SERVICIO PARTICULAR SIN VIOLENCIA,23/12/2021,01:00:00 p. m.,AVENIDA REVOLUCION
19.3664058,-99.231856,VIOLACION,25/12/2021,04:38:00 a. m.,REGIDOR ESQUINA CON SANTA LUCIA
19.3664979,-99.232524,ROBO A TRANSEUNTE EN VIA PUBLICA SIN VIOLENCIA,25/12/2021,03:00:00 a. m.,CALZADA DE LOS CORCELES
19.3326954,-99.273218,ROBO A TRANSEUNTE EN VIA PUBLICA CON VIOLENCIA,26/12/2021,03:00:00 p. m.,FRANCISCO I . MADERO
19.3202818,-99.287708,ROBO DE VEHICULO DE SERVICIO PARTICULAR CON VIOLENCIA,26/12/2021,07:40:00 p. m.,CALLE LA MEYATL EDSQUINA CON RWAL DE GUADALUPE
19.3774427,-99.245236,ROBO A TRANSEUNTE EN VIA PUBLICA SIN VIOLENCIA,26/12/2021,06:30:00 a. m.,AJENJO
19.324164,-99.267852,ROBO A TRANSEUNTE EN VIA PUBLICA SIN VIOLENCIA,27/12/2021,05:20:00 a. m.,CALLE PALMA
19.3663292,-99.207503,ROBO A NEGOCIO CON VIOLENCIA,27/12/2021,01:10:00 p. m.,CALLE MEJIA DELGADO
19.3287073,-99.24835,ROBO A TRANSEUNTE EN VIA PUBLICA CON VIOLENCIA,26/12/2021,11:00:00 a. m.,CLAVELINAS
19.3855998,-99.211009,ROBO A TRANSEUNTE EN VIA PUBLICA CON VIOLENCIA,24/11/2021,10:30:00 a. m.,ANTIGUA VIA LA VENTA
19.3991639,-99.204247,ROBO A TRANSEUNTE EN VIA PUBLICA CON VIOLENCIA,23/12/2021,08:00:00 p. m.,ARTIFICIOS
19.3992519,-99.206451,VIOLACION,26/12/2021,10:30:00 p. m.,CELULOSA Y BONDOJITO
19.3580911,-99.228494,ROBO DE VEHICULO DE SERVICIO PARTICULAR SIN VIOLENCIA,28/12/2021,09:13:00 p. m.,RICARDO FLORES MAGON
19.3791105,-99.200587,ROBO A NEGOCIO CON VIOLENCIA,22/12/2021,07:00:00 p. m.,AVENIDA CENTRAL ALTA TENSION
19.3221214,-99.259538,ROBO A REPARTIDOR CON VIOLENCIA,20/12/2021,11:00:00 a. m.,OYAMETLA
19.3546874,-99.257501,ROBO A TRANSEUNTE EN VIA PUBLICA CON VIOLENCIA,22/12/2021,12:40:00 p. m.,DESIERTO CID (ZIND)
19.3709143,-99.214428,ROBO A PASAJERO A BORDO DE PESERO COLECTIVO CON VIOLENCIA,28/12/2021,08:30:00 a. m.,AVENIDA SANTA LUCIA
19.3476349,-99.222039,ROBO A TRANSEUNTE EN VIA PUBLICA SIN VIOLENCIA,29/12/2021,05:30:00 a. m.,ANDADOR SIN NOMBRE
19.3681303,-99.192562,ROBO A TRANSEUNTE EN VIA PUBLICA CON VIOLENCIA,29/12/2021,02:40:00 p. m.,FRANCISCO P MIRANDA
19.3234566,-99.261512,ROBO DE VEHICULO DE SERVICIO PÚBLICO CON VIOLENCIA,30/12/2021,01:40:00 a. m.,29 DE OCTUBRE
19.4018691,-99.200543,ROBO A NEGOCIO CON VIOLENCIA,30/12/2021,09:05:00 a. m.,AVENIDA OBSERVATORIO
19.3874254,-99.211028,ROBO A REPARTIDOR CON VIOLENCIA,28/12/2021,01:30:00 p. m.,MEXICANOS
19.3591388,-99.241307,ROBO A REPARTIDOR CON VIOLENCIA,28/12/2021,01:00:00 p. m.,TIRSO DE MOLINA
19.3886702,-99.216102,ROBO A TRANSEUNTE EN VIA PUBLICA CON VIOLENCIA,31/12/2021,05:45:00 p. m.,CHACALAPA
19.390612,-99.206572,ROBO A TRANSEUNTE EN VIA PUBLICA CON VIOLENCIA,31/12/2021,03:43:00 a. m.,CAMINO REAL A TOLUCA
19.3886969,-99.206114,ROBO A TRANSEUNTE EN VIA PUBLICA CON VIOLENCIA,30/12/2021,05:30:00 p. m.,UNIDAD HABITACIONAL SANTA FE
19.3685141,-99.257312,ROBO A TRANSEUNTE A BORDO DE TAXI PÚBLICO Y PRIVADO CON VIOLENCIA,29/12/2021,12:50:00 p. m.,SANTA FE
19.3857352,-99.210744,ROBO A TRANSEUNTE EN VIA PUBLICA CON VIOLENCIA,29/12/2021,06:30:00 p. m.,AVENIDA ANTIGUA VIA LA VENTA
19.3807624,-99.241819,ROBO DE VEHICULO DE SERVICIO PARTICULAR CON VIOLENCIA,31/12/2021,03:00:00 a. m.,VASCO DE QUIROGA
19.3865578,-99.211828,VIOLACION,31/12/2021,04:00:00 p. m.,ANTIGUA VIA LA VENTA NUMERO 107
